matrixSchemaVersion,matrixRunId,matrixType,executionMode,caseId,gitCommit,protocolVersion,taskCatalogVersion,questionnaireCatalogVersion,conditionCode,embodimentCondition,taskId,status,durationMs,integrityStatus,collectionEligible,placeholderUsed,blockerIds,failureReasons,sessionBundlePath
"1.0","s9-p-syn-20260722071906","Pilot","Synthetic","pilot-voice_only-pilot_restaurant_walk_in","494cd924660ea2f19ca657c55466b3991f4eaeee","1.2.0-editor-collection","1.2.1-pilot-collection","1.1-stage5.1","","voice_only","pilot_restaurant_walk_in","PASS","486","PASS","False","True","","","E:\Project\Unity\SceneTalkVR-integration-v1.1\Client\Library\SceneTalkVR\Stage9Evidence\s9-p-syn-20260722071906\pilot\bundles\01"
"1.0","s9-p-syn-20260722071906","Pilot","Synthetic","pilot-voice_only-pilot_restaurant_ordering","494cd924660ea2f19ca657c55466b3991f4eaeee","1.2.0-editor-collection","1.2.1-pilot-collection","1.1-stage5.1","","voice_only","pilot_restaurant_ordering","PASS","594","PASS","False","True","","","E:\Project\Unity\SceneTalkVR-integration-v1.1\Client\Library\SceneTalkVR\Stage9Evidence\s9-p-syn-20260722071906\pilot\bundles\02"
"1.0","s9-p-syn-20260722071906","Pilot","Synthetic","pilot-voice_only-pilot_restaurant_wrong_dish","494cd924660ea2f19ca657c55466b3991f4eaeee","1.2.0-editor-collection","1.2.1-pilot-collection","1.1-stage5.1","","voice_only","pilot_restaurant_wrong_dish","PASS","587","PASS","False","True","","","E:\Project\Unity\SceneTalkVR-integration-v1.1\Client\Library\SceneTalkVR\Stage9Evidence\s9-p-syn-20260722071906\pilot\bundles\03"
"1.0","s9-p-syn-20260722071906","Pilot","Synthetic","pilot-floating_orb-pilot_restaurant_walk_in","494cd924660ea2f19ca657c55466b3991f4eaeee","1.2.0-editor-collection","1.2.1-pilot-collection","1.1-stage5.1","","floating_orb","pilot_restaurant_walk_in","PASS","491","PASS","False","True","","","E:\Project\Unity\SceneTalkVR-integration-v1.1\Client\Library\SceneTalkVR\Stage9Evidence\s9-p-syn-20260722071906\pilot\bundles\04"
"1.0","s9-p-syn-20260722071906","Pilot","Synthetic","pilot-floating_orb-pilot_restaurant_ordering","494cd924660ea2f19ca657c55466b3991f4eaeee","1.2.0-editor-collection","1.2.1-pilot-collection","1.1-stage5.1","","floating_orb","pilot_restaurant_ordering","PASS","578","PASS","False","True","","","E:\Project\Unity\SceneTalkVR-integration-v1.1\Client\Library\SceneTalkVR\Stage9Evidence\s9-p-syn-20260722071906\pilot\bundles\05"
"1.0","s9-p-syn-20260722071906","Pilot","Synthetic","pilot-floating_orb-pilot_restaurant_wrong_dish","494cd924660ea2f19ca657c55466b3991f4eaeee","1.2.0-editor-collection","1.2.1-pilot-collection","1.1-stage5.1","","floating_orb","pilot_restaurant_wrong_dish","PASS","561","PASS","False","True","","","E:\Project\Unity\SceneTalkVR-integration-v1.1\Client\Library\SceneTalkVR\Stage9Evidence\s9-p-syn-20260722071906\pilot\bundles\06"
"1.0","s9-p-syn-20260722071906","Pilot","Synthetic","pilot-humanoid_agent-pilot_restaurant_walk_in","494cd924660ea2f19ca657c55466b3991f4eaeee","1.2.0-editor-collection","1.2.1-pilot-collection","1.1-stage5.1","","humanoid_agent","pilot_restaurant_walk_in","PASS","559","PASS","False","True","","","E:\Project\Unity\SceneTalkVR-integration-v1.1\Client\Library\SceneTalkVR\Stage9Evidence\s9-p-syn-20260722071906\pilot\bundles\07"
"1.0","s9-p-syn-20260722071906","Pilot","Synthetic","pilot-humanoid_agent-pilot_restaurant_ordering","494cd924660ea2f19ca657c55466b3991f4eaeee","1.2.0-editor-collection","1.2.1-pilot-collection","1.1-stage5.1","","humanoid_agent","pilot_restaurant_ordering","PASS","587","PASS","False","True","","","E:\Project\Unity\SceneTalkVR-integration-v1.1\Client\Library\SceneTalkVR\Stage9Evidence\s9-p-syn-20260722071906\pilot\bundles\08"
"1.0","s9-p-syn-20260722071906","Pilot","Synthetic","pilot-humanoid_agent-pilot_restaurant_wrong_dish","494cd924660ea2f19ca657c55466b3991f4eaeee","1.2.0-editor-collection","1.2.1-pilot-collection","1.1-stage5.1","","humanoid_agent","pilot_restaurant_wrong_dish","PASS","558","PASS","False","True","","","E:\Project\Unity\SceneTalkVR-integration-v1.1\Client\Library\SceneTalkVR\Stage9Evidence\s9-p-syn-20260722071906\pilot\bundles\09"
